Scenario,Encryption,Avg_Throughput_MBps,Max_Throughput_MBps,Min_Throughput_MBps,Avg_Latency_ms,Max_Latency_ms,Avg_Encryption_Delay_ms,Avg_Packet_Loss_pct
Traditional SAN,No Encryption,60.67776589172628,124.94495842338618,24.496440024259382,816544.0831098559,999000.199999999,0.0,46.161737595003025
Traditional SAN,AES-256,58.80990020796468,120.89065217332286,22.598496010013204,818136.6536831396,999099.885365345,46.784761381097,47.3735924373627
Improved SAN (FC),No Encryption,311.3623902525739,622.4850185267123,50.650731662438595,195.80337213336816,452.08983560886475,0.0,0.0
Improved SAN (FC),AES-256,319.17163144637016,648.0259230958042,51.72748218307477,256.9244517119905,591.0407432895513,47.87574471695553,0.0
